reg_no,first_name,middle_name,last_name,combination,phone_number
S0112-0680,ALBERT,GASPER,WILLIUM,PMCs,255627795564
S0112-0681,ALEX,AMOS,,PMCs,255743097222
S0112-0682,ALFRED,J,MBAWALA,PMCs,255716174843
S0112-0683,AMANI,ASAD,CHUWA,PMCs,255754408099
S0112-0684,ANDERSON,EMMANUEL,LUTINJE,PMCs,255787089954
S0112-0685,ANDREW,TIMOTHY,MABUGA,PMCs,255764675067
S0112-0686,ATHANAS,ALFRED,MBELE,PMCs,255695656716
S0112-0687,BAKARI,SADICK,HAMISI,PMCs,255740496071
S0112-0688,BARAKA,RICHARD,MNYAWI,PMCs,255753037987
S0112-0689,CALVIN,JUDIKA,JOSHUA,PMCs,255752496577
S0112-0690,CHARLES,ALLY,MWAKATOBE,PMCs,255752807999
S0112-0691,DAMAS,HUSSEIN,KIMARIO,PMCs,255766111577
S0112-0692,DEOGRATIUS,ADEN,ISAAC,PMCs,255759789990
S0112-0693,ELISHA,MICHAEL,LUNGU,PMCs,255764798840
S0112-0694,FELIX,E.,MALILA,PMCs,255704599549
S0112-0695,FESTO,BONVENTURE,MIKUPI,PMCs,255783549768
S0112-0696,HENDRY,GENADO,KAJARA,PMCs,255713849171
S0112-0697,HUMPHREY,M.,PETER,PMCs,255636143028
S0112-0698,ISAYA,PAULO,NZYELA,PMCs,255758054817
S0112-0699,JACKSON,DITRICK,MGAYA,PMCs,255681333652
S0112-0700,JOSEPH,BONIVENTURE,NAANNO,PMCs,255787656684
S0112-0701,KENNNEDY,MAYUNGA,SANGIJA,PMCs,255662849361
S0112-0702,KINIGILI,NUHU,KITUMBU,PMCs,255754368921
S0112-0703,LAURENT,MESHACK,NGOBINYI,PMCs,255775788841
S0112-0704,LUCKY,MODESTUS,MBILINYI,PMCs,255769178141
S0112-0705,MASHAKA,MBWANA,MAPESA,PMCs,255682551238
S0112-0706,MOSES,MICHAEL,MWAMBOPO,PMCs,255752578034
S0112-0707,MUSAME,LUCAS,ELINEEMA,PMCs,255797387442
S0112-0708,NICODEM,NICODEM,NYONI,PMCs,255758984371
S0112-0709,PAULO,NYILABU,NYANGI,PMCs,255762221463
S0112-0710,PHILIPO,GIDEON,,PMCs,255663627704
S0112-0711,PROPHESER,PETER,MIYOMBE,PMCs,255765504828
S0112-0712,PROSPER,EZEKIA,MWENDAPOLE,PMCs,255765406814
S0112-0713,SAMSON,SADICK,MWALONGO,PMCs,255634638434
S0112-0714,SAMWELI,RUFINI,MWANDA,PMCs,255756976239
S0112-0715,THANKYOU,SADJUSTILE,SILUBONDE,PMCs,255757616980
S0112-0716,ZAKARIA,BENY,MLELWA,PMCs,255719026277
,BARAKA,RASHID,NTINI,PMCs,255755838278
